Timepoint,0,1,2,3,4
0,5.7729,0.78785,-3.7575,-4.1979,-2.858
1,75,90,-75,-90,0
2,150,-150,180,-180,380
3,5.6913,1.1489,-3.4729,-4.1042,-2.7979
4,5.6628,1.2694,-3.3651,-4.0811,-2.7868
5,5.634,1.3895,-3.2506,-4.0619,-2.7803
6,5.6051,1.5092,-3.1293,-4.0467,-2.7784
7,5.5764,1.6282,-3.0011,-4.0354,-2.7811
8,5.5481,1.7464,-2.8659,-4.0279,-2.7885
9,5.5205,1.8637,-2.7236,-4.0242,-2.8007
10,5.4936,1.9797,-2.5741,-4.0242,-2.8176
11,5.4678,2.0944,-2.4177,-4.0277,-2.8392
12,5.4432,2.2077,-2.2549,-4.0345,-2.8652
13,5.4198,2.3195,-2.086,-4.0444,-2.8953
14,5.398,2.4296,-1.9114,-4.0569,-2.9293
15,5.3777,2.538,-1.7317,-4.0719,-2.9669
16,5.3592,2.6445,-1.5472,-4.0892,-3.0079
17,5.3427,2.7491,-1.3583,-4.1084,-3.0521
18,5.3282,2.8515,-1.1656,-4.1293,-3.0992
19,5.3158,2.9518,-0.96949,-4.1515,-3.1489
20,5.3057,3.05,-0.7707,-4.1747,-3.2008
21,5.2978,3.146,-0.56991,-4.1985,-3.2544
22,5.2921,3.2398,-0.36782,-4.2223,-3.3095
23,5.2887,3.3315,-0.16513,-4.2459,-3.3656
24,5.2875,3.421,0.037477,-4.2688,-3.4222
25,5.2887,3.5083,0.2393,-4.2905,-3.479
26,5.2922,3.5935,0.43965,-4.3108,-3.5356
27,5.298,3.6765,0.63788,-4.329,-3.5916
28,5.306,3.7574,0.83348,-4.3449,-3.6467
29,5.3162,3.8363,1.026,-4.358,-3.7005
30,5.3284,3.9134,1.2151,-4.3678,-3.7527
31,5.3425,3.9886,1.4002,-4.3739,-3.8031
32,5.3584,4.0621,1.5809,-4.3759,-3.8513
33,5.376,4.1339,1.7568,-4.3733,-3.897
34,5.3952,4.2042,1.9274,-4.3656,-3.94
35,5.4158,4.273,2.0924,-4.3525,-3.9798
36,5.4377,4.3405,2.2515,-4.3336,-4.0164
37,5.4608,4.4068,2.4049,-4.3086,-4.0496
38,5.4847,4.472,2.5526,-4.2771,-4.0795
39,5.5094,4.5362,2.6949,-4.239,-4.106
40,5.5345,4.5997,2.8318,-4.1937,-4.129
41,5.56,4.6625,2.9634,-4.1412,-4.1484
42,5.5856,4.7247,3.0898,-4.081,-4.1643
43,5.611,4.7866,3.2112,-4.0129,-4.1765
44,5.6362,4.8482,3.3278,-3.9367,-4.1851
45,5.661,4.9096,3.4398,-3.8523,-4.1901
46,5.6851,4.9711,3.5479,-3.7597,-4.1918
47,5.7083,5.0328,3.6523,-3.659,-4.1903
48,5.7305,5.0947,3.7536,-3.5502,-4.1856
49,5.7516,5.157,3.8522,-3.4333,-4.178
50,5.7712,5.2198,3.9484,-3.3082,-4.1676
,5.7892,5.2834,4.0428,-3.1751,-4.1546
,5.8055,5.3477,4.1357,-3.034,-4.139
,5.82,5.413,4.2274,-2.8851,-4.121
,5.8325,5.4792,4.3184,-2.7289,-4.1008
,5.843,5.5465,4.4088,-2.5659,-4.0787
,5.8515,5.615,4.4991,-2.3965,-4.0547
,5.8579,5.6847,4.5893,-2.2211,-4.029
,5.8621,5.7557,4.68,-2.0402,-4.0018
,5.864,5.8282,4.7713,-1.8542,-3.9733
,5.8637,5.9021,4.8636,-1.6636,-3.9436
,5.861,5.9776,4.957,-1.4688,-3.913
,5.8561,6.0546,5.0514,-1.2708,-3.8814
,5.849,6.1331,5.1468,-1.0701,-3.8491
,5.8399,6.2132,5.2432,-0.86753,-3.816
,5.8289,6.2948,5.3404,-0.66389,-3.7824
,5.8159,6.378,5.4384,-0.45988,-3.7482
,5.8012,6.4628,5.5372,-0.25626,-3.7137
,5.7847,6.5491,5.6366,-0.053769,-3.6789
,5.7667,6.6369,5.7366,0.14686,-3.6439
,5.7472,6.7262,5.8369,0.34498,-3.6088
,5.7264,6.817,5.9374,0.53997,-3.5736
,5.7045,6.909,6.0379,0.73118,-3.5384
,5.6816,7.0023,6.138,0.918,-3.5032
,5.6579,7.0968,6.2377,1.0998,-3.4682
,5.6335,7.1923,6.3366,1.2759,-3.4334
,5.6086,7.2888,6.4346,1.4457,-3.3988
,5.5835,7.3863,6.5314,1.6087,-3.3645
,5.5581,7.4846,6.6269,1.7644,-3.3306
,5.5326,7.5836,6.7211,1.9128,-3.2972
,5.5073,7.683,6.8139,2.0538,-3.2643
,5.4821,7.783,6.9053,2.1872,-3.2321
,5.4572,7.8831,6.9953,2.3131,-3.2006
,5.4327,7.9834,7.0837,2.4313,-3.1699
,5.4088,8.0837,7.1706,2.5418,-3.1402
,5.3856,8.1839,7.2559,2.6444,-3.1114
,5.3632,8.2837,7.3397,2.7391,-3.0837
,5.3416,8.3832,7.4221,2.8266,-3.0573
,5.3208,8.4821,7.5034,2.9071,-3.0321
,5.3009,8.5803,7.5839,2.9812,-3.0084
,5.2819,8.6777,7.6638,3.0494,-2.9862
,5.2639,8.7742,7.7433,3.1122,-2.9657
,5.2469,8.8695,7.8227,3.17,-2.947
,5.2309,8.9637,7.9021,3.2233,-2.9302
,5.2159,9.0565,7.982,3.2725,-2.9154
,5.2019,9.1478,8.0624,3.3184,-2.9026
,5.1889,9.2377,8.1438,3.3613,-2.8919
,5.1769,9.3261,8.2265,3.402,-2.8834
,5.1658,9.4129,8.3106,3.441,-2.877
,5.1556,9.4981,8.3965,3.4789,-2.8729
,5.1462,9.5816,8.4845,3.5163,-2.871
,5.1377,9.6635,8.5749,3.5537,-2.8714
,5.1299,9.7435,8.6679,3.5918,-2.8742
,5.1229,9.8218,8.7638,3.631,-2.8793
,5.1166,9.8985,8.8626,3.6716,-2.8865
,5.111,9.9736,8.9644,3.7136,-2.8959
,5.1059,10.047,9.0692,3.7573,-2.9072
,5.1014,10.12,9.1772,3.8029,-2.9203
,5.0974,10.191,9.2882,3.8507,-2.9351
,5.0939,10.26,9.4025,3.9008,-2.9515
,5.0908,10.329,9.52,3.9534,-2.9694
,5.088,10.397,9.6407,4.0087,-2.9886
,5.0855,10.464,9.7646,4.0664,-3.0089
,5.0834,10.53,9.8913,4.1263,-3.0301
,5.0814,10.596,10.021,4.1882,-3.052
,5.0797,10.662,10.152,4.2518,-3.0743
,5.0782,10.728,10.286,4.3167,-3.0968
,5.0767,10.794,10.422,4.3829,-3.1192
,5.0754,10.861,10.56,4.4499,-3.1414
,5.0741,10.928,10.699,4.5176,-3.1631
,5.0728,10.995,10.84,4.5856,-3.1842
,5.0715,11.064,10.981,4.6535,-3.2044
,5.0702,11.134,11.123,4.721,-3.2236
,5.0687,11.205,11.266,4.7877,-3.2417
,5.0671,11.277,11.409,4.8532,-3.2586
,5.0654,11.351,11.551,4.9171,-3.2739
,5.0634,11.427,11.694,4.9791,-3.2878
,5.0612,11.504,11.835,5.0387,-3.2998
,5.0588,11.583,11.976,5.0958,-3.3101
,5.056,11.665,12.116,5.1502,-3.3185
,5.0528,11.748,12.255,5.2017,-3.3253
,5.0493,11.834,12.392,5.2502,-3.3304
,5.0453,11.921,12.528,5.2957,-3.334
,5.0408,12.011,12.663,5.3381,-3.3361
,5.0358,12.102,12.796,5.3772,-3.3368
,5.0302,12.196,12.928,5.4129,-3.3362
,5.024,12.292,13.058,5.4451,-3.3343
,5.0171,12.389,13.187,5.4741,-3.3313
,5.0096,12.489,13.314,5.5,-3.3275
,5.0014,12.59,13.439,5.5229,-3.3231
,4.9924,12.693,13.563,5.5432,-3.3184
,4.9827,12.797,13.686,5.5611,-3.3136
,4.9722,12.902,13.808,5.5767,-3.3089
,4.9608,13.009,13.928,5.5903,-3.3046
,4.9486,13.117,14.048,5.6021,-3.3009
,4.9355,13.225,14.167,5.6123,-3.2981
,4.9215,13.335,14.285,5.6213,-3.2963
,4.9067,13.445,14.403,5.6294,-3.2957
,4.8911,13.555,14.52,5.6369,-3.2965
,4.8746,13.666,14.637,5.644,-3.299
,4.8574,13.777,14.754,5.6512,-3.3032
,4.8394,13.889,14.87,5.6587,-3.3095
,4.8207,14,14.987,5.6668,-3.3181
,4.8012,14.111,15.104,5.6759,-3.329
,4.7811,14.221,15.221,5.686,-3.3423
,4.7604,14.331,15.338,5.6974,-3.3579
,4.7392,14.441,15.455,5.7102,-3.376
,4.7177,14.551,15.573,5.7246,-3.3964
,4.6958,14.659,15.691,5.7408,-3.4191
,4.6738,14.767,15.809,5.7588,-3.4441
,4.6516,14.875,15.927,5.7789,-3.4715
,4.6294,14.981,16.045,5.8013,-3.5011
,4.6072,15.087,16.164,5.8259,-3.5329
,4.5853,15.192,16.282,5.8527,-3.5667
,4.5638,15.296,16.4,5.8817,-3.6022
,4.5427,15.4,16.518,5.9129,-3.6393
,4.5223,15.502,16.636,5.9462,-3.6777
,4.5026,15.604,16.753,5.9815,-3.7173
,4.4839,15.705,16.869,6.0189,-3.7578
,4.4661,15.806,16.985,6.0582,-3.7992
,4.4496,15.906,17.1,6.0995,-3.841
,4.4343,16.004,17.213,6.1425,-3.8832
,4.4205,16.103,17.325,6.1872,-3.9255
,4.4081,16.2,17.436,6.2333,-3.9676
,4.3975,16.297,17.545,6.2808,-4.0094
,4.3887,16.393,17.652,6.3294,-4.0506
,4.3817,16.488,17.758,6.3791,-4.0909
,4.3768,16.582,17.861,6.4296,-4.1302
,4.3741,16.676,17.962,6.4808,-4.1682
,4.3737,16.769,18.061,6.5327,-4.2048
,4.3755,16.862,18.157,6.5849,-4.2398
,4.3797,16.953,18.25,6.6375,-4.2731
,4.3862,17.044,18.341,6.6902,-4.3046
,4.3953,17.134,18.429,6.7429,-4.3342
,4.4069,17.222,18.514,6.7954,-4.3618
,4.421,17.31,18.596,6.8476,-4.3871
,4.4378,17.397,18.675,6.8995,-4.4102
,4.4573,17.482,18.751,6.9507,-4.4309
,4.4793,17.566,18.824,7.0013,-4.4492
,4.5039,17.649,18.894,7.0513,-4.4652
,4.531,17.731,18.96,7.1004,-4.4789
,4.5605,17.811,19.024,7.1487,-4.4902
,4.5924,17.89,19.084,7.1961,-4.4993
,4.6267,17.966,19.142,7.2425,-4.506
,4.6634,18.042,19.196,7.2878,-4.5104
,4.7022,18.115,19.247,7.332,-4.5125
,4.7432,18.186,19.296,7.375,-4.5124
,4.7861,18.256,19.341,7.4169,-4.5103
,4.8307,18.324,19.384,7.4577,-4.5061
,4.877,18.389,19.425,7.4974,-4.5
,4.9248,18.452,19.462,7.536,-4.4922
,4.9739,18.513,19.498,7.5735,-4.4826
,5.0242,18.572,19.531,7.61,-4.4715
,5.0755,18.628,19.561,7.6454,-4.4588
,5.1275,18.682,19.59,7.6798,-4.4447
,5.1802,18.734,19.617,7.7132,-4.4293
,5.2333,18.783,19.642,7.7457,-4.4128
,5.2866,18.83,19.665,7.7775,-4.3953
,5.3399,18.874,19.686,7.8084,-4.3768
,5.3929,18.916,19.706,7.8387,-4.3576
,5.4456,18.955,19.725,7.8683,-4.3376
,5.4975,18.992,19.743,7.8973,-4.3171
,5.5487,19.026,19.759,7.9259,-4.2962
,5.5989,19.058,19.774,7.9539,-4.2749
,5.648,19.087,19.789,7.9815,-4.2533
,5.6959,19.114,19.802,8.0087,-4.2316
,5.7424,19.138,19.815,8.0355,-4.2097
,5.7874,19.16,19.826,8.0621,-4.1878
,5.8307,19.18,19.837,8.0883,-4.166
,5.8723,19.198,19.847,8.1143,-4.1443
,5.912,19.213,19.856,8.14,-4.1228
,5.9498,19.226,19.865,8.1655,-4.1016
,5.9858,19.236,19.872,8.1908,-4.0807
,6.0199,19.245,19.879,8.2156,-4.0601
,6.0523,19.251,19.884,8.2401,-4.0397
,6.083,19.256,19.888,8.2641,-4.0198
,6.112,19.258,19.892,8.2876,-4.0001
,6.1394,19.258,19.893,8.3106,-3.9809
,6.1652,19.257,19.893,8.3329,-3.962
,6.1896,19.254,19.892,8.3546,-3.9435
,6.2126,19.248,19.889,8.3754,-3.9254
,6.2347,19.242,19.884,8.3953,-3.9076
,6.2558,19.233,19.876,8.4141,-3.8901
,6.2763,19.223,19.866,8.4316,-3.873
,6.2964,19.211,19.854,8.4479,-3.8561
,6.3162,19.198,19.839,8.4626,-3.8394
,6.3359,19.183,19.821,8.4758,-3.823
,6.3558,19.167,19.799,8.4872,-3.8068
,6.3759,19.15,19.775,8.4968,-3.7909
,6.3966,19.131,19.746,8.5044,-3.7751
,6.418,19.112,19.715,8.51,-3.7597
,6.4402,19.091,19.68,8.5134,-3.7444
,6.4635,19.069,19.64,8.5145,-3.7295
,6.488,19.046,19.597,8.5132,-3.7148
,6.5139,19.022,19.55,8.5094,-3.7004
,6.5414,18.997,19.499,8.503,-3.6864
,6.5705,18.972,19.444,8.4939,-3.6727
,6.6013,18.946,19.384,8.4822,-3.6595
,6.6337,18.919,19.321,8.4679,-3.6469
,6.6676,18.892,19.253,8.4509,-3.6349
,6.7032,18.865,19.182,8.4313,-3.6237
,6.7404,18.837,19.108,8.4091,-3.6134
,6.7792,18.809,19.029,8.3842,-3.604
,6.8195,18.78,18.948,8.3568,-3.5957
,6.8614,18.752,18.863,8.3267,-3.5885
,6.9045,18.724,18.775,8.2943,-3.5826
,6.9487,18.695,18.684,8.2595,-3.5781
,6.9938,18.667,18.591,8.2226,-3.5752
,7.0396,18.639,18.496,8.1835,-3.5739
,7.0859,18.611,18.399,8.1426,-3.5744
,7.1325,18.583,18.3,8.0998,-3.5769
,7.1791,18.556,18.2,8.0553,-3.5813
,7.2257,18.529,18.1,8.0092,-3.5879
,7.2718,18.502,17.998,7.9618,-3.5967
,7.3174,18.476,17.896,7.9131,-3.6076
,7.3621,18.45,17.795,7.8632,-3.6208
,7.4058,18.424,17.693,7.8124,-3.6362
,7.4482,18.399,17.592,7.7608,-3.6538
,7.4891,18.374,17.492,7.7085,-3.6737
,7.5283,18.35,17.393,7.6556,-3.6958
,7.5654,18.326,17.295,7.6025,-3.7201
,7.6005,18.302,17.198,7.549,-3.7466
,7.6333,18.278,17.104,7.4954,-3.7751
,7.6638,18.254,17.011,7.4417,-3.8054
,7.692,18.23,16.92,7.388,-3.8372
,7.7177,18.206,16.831,7.3343,-3.8704
,7.7408,18.182,16.744,7.2808,-3.9048
,7.7613,18.157,16.659,7.2276,-3.9402
,7.779,18.132,16.576,7.1746,-3.9764
,7.794,18.106,16.496,7.122,-4.0131
,7.8063,18.08,16.418,7.0698,-4.0502
,7.816,18.052,16.341,7.0179,-4.0872
,7.8232,18.024,16.267,6.9665,-4.124
,7.828,17.994,16.195,6.9154,-4.1601
,7.8305,17.963,16.124,6.8646,-4.1954
,7.8308,17.931,16.055,6.8143,-4.2294
,7.829,17.897,15.988,6.7643,-4.262
,7.8252,17.862,15.922,6.7147,-4.2927
,7.8195,17.825,15.857,6.6654,-4.3215
,7.8121,17.786,15.794,6.6164,-4.3481
,7.8032,17.745,15.731,6.5677,-4.3724
,7.7931,17.703,15.669,6.5194,-4.3942
,7.7818,17.659,15.608,6.4712,-4.4134
,7.7695,17.613,15.548,6.4233,-4.4297
,7.7565,17.565,15.488,6.3755,-4.4431
,7.7429,17.515,15.428,6.3279,-4.4533
,7.7288,17.464,15.368,6.2805,-4.4603
,7.7145,17.411,15.309,6.2332,-4.4642
,7.7001,17.356,15.249,6.1861,-4.4651
,7.6858,17.299,15.189,6.1392,-4.4632
,7.6716,17.242,15.13,6.0925,-4.4585
,7.6577,17.183,15.07,6.0459,-4.4513
,7.6443,17.123,15.01,5.9995,-4.4415
,7.6316,17.063,14.949,5.9534,-4.4294
,7.6196,17.002,14.889,5.9074,-4.4151
,7.6084,16.94,14.828,5.8617,-4.3989
,7.5981,16.878,14.767,5.8163,-4.381
,7.5887,16.815,14.705,5.7712,-4.3617
,7.5803,16.753,14.644,5.7265,-4.3414
,7.5729,16.692,14.583,5.6823,-4.3204
,7.5665,16.631,14.521,5.6385,-4.2988
,7.5612,16.57,14.46,5.5952,-4.2772
,7.557,16.511,14.399,5.5525,-4.2557
,7.554,16.452,14.338,5.5104,-4.2346
,7.5519,16.395,14.278,5.4689,-4.2141
,7.5508,16.339,14.217,5.4282,-4.1945
,7.5506,16.285,14.158,5.3882,-4.176
,7.5512,16.232,14.099,5.349,-4.1587
,7.5524,16.18,14.04,5.3107,-4.143
,7.5543,16.131,13.983,5.2733,-4.129
,7.5568,16.083,13.926,5.2368,-4.1169
,7.5597,16.037,13.87,5.2013,-4.107
,7.5629,15.992,13.815,5.1669,-4.0992
,7.5663,15.95,13.762,5.1335,-4.0935
,7.5697,15.908,13.709,5.1012,-4.0899
,7.5729,15.869,13.658,5.07,-4.0884
,7.5757,15.83,13.607,5.04,-4.0889
,7.5781,15.793,13.558,5.0111,-4.0915
,7.5799,15.757,13.511,4.9835,-4.096
,7.5809,15.721,13.464,4.9571,-4.1025
,7.581,15.687,13.419,4.9319,-4.1109
,7.5801,15.653,13.375,4.9081,-4.1209
,7.578,15.619,13.333,4.8855,-4.1324
,7.5746,15.586,13.291,4.8643,-4.1453
,7.5699,15.552,13.252,4.8444,-4.1593
,7.5637,15.519,13.213,4.8259,-4.1743
,7.5559,15.485,13.175,4.8087,-4.1902
,7.5463,15.45,13.139,4.7929,-4.2066
,7.535,15.414,13.104,4.7786,-4.2236
,7.5219,15.378,13.069,4.7657,-4.2409
,7.5072,15.34,13.036,4.7542,-4.2584
,7.4907,15.302,13.004,4.7443,-4.276
,7.4727,15.262,12.973,4.7358,-4.2936
,7.453,15.22,12.942,4.7289,-4.3111
,7.4319,15.178,12.912,4.7236,-4.3282
,7.4092,15.133,12.883,4.7198,-4.345
,7.3851,15.087,12.854,4.7177,-4.3612
,7.3597,15.039,12.826,4.7172,-4.3769
,7.3333,14.99,12.798,4.7183,-4.3921
,7.306,14.94,12.771,4.7211,-4.4069
,7.2781,14.888,12.743,4.7256,-4.4211
,7.2499,14.834,12.716,4.7318,-4.435
,7.2214,14.78,12.689,4.7397,-4.4484
,7.1929,14.724,12.662,4.7494,-4.4615
,7.1646,14.667,12.634,4.7608,-4.4742
,7.1368,14.61,12.607,4.7739,-4.4866
,7.1097,14.551,12.579,4.7887,-4.4988
,7.0835,14.492,12.55,4.8052,-4.5109
,7.0585,14.433,12.522,4.8233,-4.5229
,7.0349,14.373,12.492,4.843,-4.535
,7.0129,14.313,12.462,4.8641,-4.5473
,6.9928,14.253,12.432,4.8868,-4.5597
,6.9749,14.194,12.4,4.911,-4.5725
,6.9592,14.135,12.368,4.9365,-4.5857
,6.946,14.076,12.335,4.9632,-4.5993
,6.9354,14.018,12.302,4.9911,-4.6132
,6.9273,13.961,12.267,5.0199,-4.6277
,6.9219,13.904,12.232,5.0496,-4.6425
,6.9193,13.848,12.195,5.08,-4.6578
,6.9197,13.793,12.158,5.1109,-4.6735
,6.9229,13.739,12.119,5.1423,-4.6897
,6.9293,13.686,12.08,5.1739,-4.7064
,6.9386,13.634,12.04,5.2057,-4.7234
,6.9508,13.584,11.999,5.2374,-4.7408
,6.9658,13.534,11.957,5.2689,-4.7583
,6.9833,13.484,11.913,5.2999,-4.7758
,7.0034,13.436,11.869,5.3304,-4.7933
,7.0259,13.389,11.824,5.3601,-4.8107
,7.0506,13.342,11.779,5.3888,-4.8278
,7.0775,13.295,11.732,5.4165,-4.8445
,7.1064,13.249,11.684,5.4428,-4.8607
,7.1369,13.203,11.636,5.4679,-4.8763
,7.169,13.158,11.587,5.4915,-4.8912
,7.2023,13.112,11.537,5.5137,-4.9053
,7.2367,13.066,11.486,5.5343,-4.9183
,7.2718,13.02,11.434,5.5534,-4.9303
,7.3074,12.974,11.382,5.5707,-4.941
,7.3434,12.926,11.329,5.5863,-4.9504
,7.3794,12.878,11.275,5.6001,-4.9583
,7.4152,12.829,11.22,5.6122,-4.9648
,7.4507,12.778,11.165,5.6227,-4.9698
,7.4856,12.726,11.109,5.6317,-4.9734
,7.5196,12.673,11.051,5.6394,-4.9755
,7.5527,12.618,10.993,5.6459,-4.9761
,7.5844,12.562,10.935,5.6512,-4.9752
,7.6148,12.503,10.875,5.6556,-4.9728
,7.6435,12.443,10.814,5.6591,-4.969
,7.6703,12.38,10.752,5.6619,-4.9637
,7.6953,12.315,10.69,5.6641,-4.9572
,7.7182,12.248,10.626,5.6659,-4.9496
,7.7391,12.179,10.561,5.6675,-4.941
,7.7577,12.107,10.495,5.6689,-4.9315
,7.7741,12.033,10.428,5.6704,-4.9213
,7.788,11.957,10.359,5.6721,-4.9105
,7.7995,11.878,10.29,5.6741,-4.8993
,7.8084,11.797,10.219,5.6766,-4.8878
,7.8148,11.714,10.146,5.6794,-4.8762
,7.8188,11.628,10.073,5.6824,-4.8646
,7.8203,11.54,9.9975,5.6853,-4.8532
,7.8194,11.45,9.9211,5.6881,-4.8422
,7.8162,11.359,9.8432,5.6907,-4.8318
,7.8107,11.265,9.764,5.6928,-4.8221
,7.803,11.17,9.6834,5.6943,-4.8133
,7.7931,11.073,9.6014,5.6951,-4.8056
,7.7811,10.974,9.5181,5.6946,-4.7991
,7.7671,10.874,9.4334,5.6923,-4.7939
,7.7514,10.774,9.3477,5.6874,-4.79
,7.7341,10.672,9.2608,5.6795,-4.7876
,7.7154,10.57,9.1729,5.6677,-4.7867
,7.6953,10.467,9.0841,5.6516,-4.7875
,7.6741,10.364,8.9944,5.6304,-4.79
,7.6519,10.261,8.904,5.6037,-4.7943
,7.6288,10.158,8.8129,5.5706,-4.8005
,7.6051,10.055,8.7214,5.5304,-4.8084
,7.5809,9.9534,8.6295,5.4824,-4.8181
,7.5564,9.8522,8.5375,5.4258,-4.8296
,7.5318,9.7518,8.4456,5.3598,-4.8428
,7.5072,9.6526,8.3539,5.2836,-4.8575
,7.4829,9.5547,8.2626,5.1966,-4.874
,7.459,9.4583,8.1718,5.0979,-4.8919
,7.4356,9.3635,8.0818,4.9869,-4.9114
,7.413,9.2704,7.9927,4.8633,-4.9323
,7.3911,9.179,7.9047,4.7268,-4.9545
,7.3701,9.0894,7.8181,4.5771,-4.9778
,7.3501,9.0015,7.733,4.4142,-5.002
,7.3312,8.9155,7.6496,4.2377,-5.0272
,7.3135,8.8312,7.5682,4.0474,-5.053
,7.297,8.7487,7.4888,3.8431,-5.0795
,7.282,8.6681,7.4118,3.6247,-5.1064
,7.2683,8.5892,7.3372,3.3923,-5.1336
,7.2559,8.5118,7.2652,3.1468,-5.161
,7.2449,8.4357,7.1959,2.8889,-5.1884
,7.2351,8.3608,7.1293,2.6192,-5.2156
,7.2265,8.2867,7.0657,2.3386,-5.2425
,7.2191,8.2134,7.005,2.0477,-5.269
,7.2128,8.1405,6.9474,1.7472,-5.2948
,7.2076,8.068,6.8931,1.438,-5.3198
,7.2033,7.9955,6.842,1.1208,-5.344
,7.1999,7.9228,6.7941,0.79684,-5.3671
,7.1973,7.8497,6.7491,0.46749,-5.3891
,7.1952,7.7758,6.7071,0.13399,-5.4099
,7.1935,7.7009,6.6678,-0.20239,-5.4294
,7.1921,7.6248,6.6312,-0.54037,-5.4476
,7.1908,7.5472,6.5971,-0.87869,-5.4643
,7.1894,7.4677,6.5654,-1.2161,-5.4794
,7.1879,7.3863,6.536,-1.5512,-5.493
,7.1861,7.3026,6.5084,-1.8832,-5.5049
,7.1838,7.2167,6.4822,-2.2108,-5.5152
,7.1808,7.1286,6.457,-2.5332,-5.524
,7.1771,7.038,6.4323,-2.8493,-5.5312
,7.1725,6.9449,6.4076,-3.1582,-5.5371
,7.1668,6.8493,6.3826,-3.4588,-5.5415
,7.1599,6.7511,6.3566,-3.7502,-5.5446
,7.1516,6.6502,6.3294,-4.0314,-5.5464
,7.1419,6.5467,6.3003,-4.3017,-5.547
,7.1306,6.4408,6.2686,-4.5609,-5.5465
,7.1176,6.3326,6.2337,-4.8089,-5.5451
,7.103,6.2224,6.1948,-5.0456,-5.543
,7.0867,6.1104,6.1514,-5.2706,-5.5404
,7.0686,5.9969,6.1026,-5.484,-5.5373
,7.0485,5.882,6.0478,-5.6854,-5.5341
,7.0266,5.7659,5.9863,-5.8748,-5.5308
,7.0026,5.649,5.9175,-6.0521,-5.5276
,6.9767,5.5313,5.8408,-6.2176,-5.5247
,6.9489,5.4133,5.7557,-6.3718,-5.5222
,6.9192,5.2951,5.6616,-6.5151,-5.5202
,6.8877,5.1771,5.5582,-6.6479,-5.519
,6.8543,5.0595,5.4448,-6.7707,-5.5187
,6.8191,4.9426,5.3209,-6.8839,-5.5193
,6.7822,4.8266,5.1861,-6.988,-5.5212
,6.7436,4.7119,5.0398,-7.0833,-5.5244
,6.7034,4.5985,4.8819,-7.1703,-5.5289
,6.6616,4.4865,4.7126,-7.2496,-5.5348
,6.6185,4.3758,4.5318,-7.3215,-5.5421
,6.574,4.2665,4.3398,-7.3866,-5.5506
,6.5284,4.1585,4.1367,-7.4453,-5.5605
,6.4817,4.0519,3.9225,-7.4981,-5.5716
,6.4339,3.9466,3.6974,-7.5453,-5.584
,6.3854,3.8428,3.4616,-7.5876,-5.5976
,6.336,3.7402,3.2152,-7.6253,-5.6124
,6.286,3.6386,2.9592,-7.6585,-5.6281
,6.2355,3.5377,2.6943,-7.6874,-5.6446
,6.1847,3.437,2.4214,-7.7122,-5.6616
,6.1335,3.3363,2.1414,-7.733,-5.6788
,6.0822,3.2352,1.855,-7.7499,-5.6962
,6.0309,3.1334,1.563,-7.7631,-5.7135
,5.9797,3.0306,1.2664,-7.7728,-5.7304
,5.9287,2.9263,0.96603,-7.779,-5.7467
,5.878,2.8204,0.66279,-7.7819,-5.7623
,5.8276,2.7123,0.35779,-7.7814,-5.7768
,5.7778,2.6019,0.05208,-7.7775,-5.7901
,5.7284,2.4886,-0.25327,-7.7701,-5.8019
,5.6796,2.3723,-0.55721,-7.7594,-5.8119
,5.6314,2.2524,-0.85868,-7.7452,-5.8201
,5.584,2.1287,-1.1566,-7.7276,-5.826
,5.5373,2.0009,-1.45,-7.7065,-5.8295
,5.4915,1.8687,-1.7379,-7.682,-5.8305
,5.4464,1.7322,-2.0197,-7.6543,-5.8288
,5.4021,1.5914,-2.2948,-7.6235,-5.8246
,5.3586,1.4464,-2.5624,-7.5897,-5.8176
,5.3157,1.2972,-2.8221,-7.5532,-5.808
,5.2735,1.1438,-3.073,-7.514,-5.7957
,5.232,0.98625,-3.3146,-7.4723,-5.7805
,5.1911,0.82462,-3.5463,-7.4282,-5.7626
,5.1507,0.65901,-3.7675,-7.382,-5.7419
,5.1109,0.48984,-3.9781,-7.334,-5.7186
,5.0715,0.31759,-4.1783,-7.2846,-5.6929
,5.0324,0.14272,-4.368,-7.2342,-5.6649
,4.9935,-0.034282,-4.5474,-7.1832,-5.635
,4.9547,-0.21295,-4.7164,-7.132,-5.6033
,4.916,-0.3928,-4.8751,-7.081,-5.57
,4.8772,-0.57337,-5.0236,-7.0305,-5.5353
,4.8383,-0.75417,-5.1619,-6.9811,-5.4995
,4.7992,-0.93471,-5.2904,-6.9329,-5.4627
,4.7598,-1.1145,-5.4095,-6.8865,-5.4252
,4.7202,-1.2929,-5.5197,-6.8422,-5.3874
,4.6801,-1.4696,-5.6216,-6.8004,-5.3493
,4.6397,-1.6439,-5.7156,-6.7613,-5.3114
,4.5988,-1.8154,-5.8022,-6.7255,-5.2739
,4.5574,-1.9835,-5.882,-6.6933,-5.237
,4.5154,-2.1477,-5.9553,-6.665,-5.2009
,4.4729,-2.3077,-6.0228,-6.6409,-5.166
,4.4299,-2.4633,-6.0849,-6.621,-5.1322
,4.3865,-2.6143,-6.1422,-6.6055,-5.0997
,4.3427,-2.7607,-6.1953,-6.5942,-5.0686
,4.2987,-2.9023,-6.2446,-6.5873,-5.039
,4.2545,-3.0389,-6.2907,-6.5847,-5.0109
,4.2101,-3.1706,-6.3342,-6.5866,-4.9845
,4.1658,-3.2971,-6.3755,-6.5928,-4.9599
,4.1214,-3.4184,-6.4153,-6.6035,-4.9371
,4.0773,-3.5346,-6.4538,-6.6183,-4.916
,4.0335,-3.6462,-6.4914,-6.637,-4.8966
,3.9901,-3.7533,-6.5283,-6.6591,-4.8787
,3.9474,-3.8564,-6.565,-6.6843,-4.8622
,3.9054,-3.9556,-6.6017,-6.7124,-4.847
,3.8643,-4.0514,-6.6388,-6.7429,-4.833
,3.8243,-4.144,-6.6766,-6.7755,-4.8201
,3.7855,-4.2337,-6.7153,-6.8099,-4.8081
,3.748,-4.3209,-6.7552,-6.8457,-4.7968
,3.7119,-4.406,-6.7963,-6.8824,-4.7862
,3.6772,-4.4892,-6.8387,-6.9197,-4.776
,3.6439,-4.571,-6.8824,-6.9572,-4.766
,3.6121,-4.6518,-6.9275,-6.9944,-4.7561
,3.5819,-4.7318,-6.9741,-7.0309,-4.7459
,3.5533,-4.8115,-7.0221,-7.0663,-4.7355
,3.5263,-4.8913,-7.0717,-7.1002,-4.7245
,3.501,-4.9714,-7.1229,-7.1321,-4.7127
,3.4772,-5.0519,-7.1754,-7.162,-4.7002
,3.4547,-5.1329,-7.2293,-7.1896,-4.6868
,3.4334,-5.2144,-7.2844,-7.2147,-4.6723
,3.4132,-5.2965,-7.3405,-7.2372,-4.6568
,3.3938,-5.3792,-7.3974,-7.257,-4.64
,3.3751,-5.4626,-7.4552,-7.2737,-4.6219
,3.3569,-5.5467,-7.5136,-7.2873,-4.6025
,3.3391,-5.6316,-7.5724,-7.2976,-4.5815
,3.3214,-5.7171,-7.6316,-7.3047,-4.559
,3.3036,-5.8029,-7.691,-7.3086,-4.5351
,3.2854,-5.8887,-7.7504,-7.3097,-4.5098
,3.2665,-5.9742,-7.8096,-7.3079,-4.4831
,3.2467,-6.0593,-7.8684,-7.3036,-4.4551
,3.2256,-6.1435,-7.9268,-7.2968,-4.4258
,3.2031,-6.2266,-7.9844,-7.2878,-4.3953
,3.1789,-6.3083,-8.0413,-7.2767,-4.3636
,3.1527,-6.3883,-8.0971,-7.2637,-4.3308
,3.1244,-6.4664,-8.1519,-7.2492,-4.297
,3.0939,-6.5421,-8.2057,-7.2337,-4.2624
,3.0612,-6.6152,-8.2584,-7.2174,-4.227
,3.0261,-6.6852,-8.3099,-7.2007,-4.191
,2.9884,-6.752,-8.3603,-7.1841,-4.1546
,2.9482,-6.8151,-8.4094,-7.168,-4.1179
,2.9052,-6.8743,-8.4573,-7.1526,-4.0809
,2.8595,-6.9292,-8.5038,-7.1385,-4.0439
,2.8111,-6.9797,-8.5493,-7.1259,-4.007
,2.7602,-7.0258,-8.5936,-7.1153,-3.9703
,2.7072,-7.0673,-8.6372,-7.1071,-3.9339
,2.6521,-7.1041,-8.68,-7.1017,-3.8981
,2.5952,-7.1362,-8.7222,-7.0995,-3.8629
,2.5368,-7.1636,-8.764,-7.1008,-3.8286
,2.477,-7.186,-8.8055,-7.106,-3.7951
,2.416,-7.2034,-8.8469,-7.1157,-3.7628
,2.3542,-7.2159,-8.8884,-7.1299,-3.7317
,2.2919,-7.2238,-8.9302,-7.1491,-3.7019
,2.2295,-7.2271,-8.9724,-7.1733,-3.6736
,2.1674,-7.226,-9.0153,-7.2027,-3.6469
,2.106,-7.2209,-9.0592,-7.2377,-3.6219
,2.0456,-7.2118,-9.1041,-7.2783,-3.5988
,1.9867,-7.1989,-9.1504,-7.3249,-3.5776
,1.9295,-7.1826,-9.1982,-7.3775,-3.5584
,1.8745,-7.1629,-9.2477,-7.4363,-3.5415
,1.8219,-7.1402,-9.299,-7.5013,-3.5269
,1.772,-7.1149,-9.3521,-7.5723,-3.5146
,1.7249,-7.0873,-9.4072,-7.6492,-3.5048
,1.6809,-7.0577,-9.4642,-7.7318,-3.4975
,1.6402,-7.0264,-9.5232,-7.8201,-3.4929
,1.603,-6.9938,-9.5844,-7.9139,-3.491
,1.5696,-6.9603,-9.6476,-8.0131,-3.4919
,1.5402,-6.9261,-9.713,-8.1175,-3.4958
,1.5148,-6.8915,-9.7805,-8.2268,-3.5025
,1.4932,-6.857,-9.8499,-8.3405,-3.5123
,1.4753,-6.8227,-9.921,-8.4583,-3.5251
,1.4611,-6.789,-9.9935,-8.5796,-3.541
,1.4504,-6.7562,-10.067,-8.7041,-3.56
,1.443,-6.7246,-10.142,-8.8312,-3.5821
,1.4389,-6.6944,-10.218,-8.9606,-3.6074
,1.438,-6.6661,-10.295,-9.0917,-3.6359
,1.44,-6.6398,-10.372,-9.2242,-3.6676
,1.4446,-6.6157,-10.45,-9.3575,-3.7024
,1.4516,-6.594,-10.527,-9.4911,-3.7404
,1.4605,-6.5748,-10.605,-9.6244,-3.7813
,1.471,-6.5584,-10.681,-9.7571,-3.8252
,1.483,-6.5448,-10.757,-9.8885,-3.8721
,1.4959,-6.5343,-10.832,-10.018,-3.9217
,1.5095,-6.5269,-10.906,-10.146,-3.9741
,1.5234,-6.523,-10.978,-10.27,-4.0292
,1.5375,-6.5224,-11.048,-10.392,-4.0868
,1.5514,-6.5252,-11.117,-10.51,-4.1467
,1.565,-6.5313,-11.183,-10.625,-4.2088
,1.5779,-6.5409,-11.248,-10.736,-4.2727
,1.5899,-6.5537,-11.31,-10.843,-4.3383
,1.6009,-6.5699,-11.371,-10.945,-4.4054
,1.6104,-6.5895,-11.429,-11.043,-4.4738
,1.6184,-6.6124,-11.485,-11.136,-4.5432
,1.6246,-6.6385,-11.539,-11.224,-4.6135
,1.6291,-6.6677,-11.591,-11.307,-4.6843
,1.6318,-6.6998,-11.641,-11.386,-4.7552
,1.6328,-6.7348,-11.689,-11.46,-4.826
,1.6321,-6.7724,-11.736,-11.529,-4.8964
,1.6296,-6.8125,-11.782,-11.594,-4.966
,1.6253,-6.855,-11.826,-11.655,-5.0345
,1.6192,-6.8997,-11.87,-11.712,-5.1016
,1.6115,-6.9465,-11.914,-11.764,-5.167
,1.602,-6.9951,-11.957,-11.814,-5.2303
,1.5912,-7.0455,-12,-11.859,-5.2914
,1.5789,-7.0974,-12.043,-11.902,-5.3498
,1.5655,-7.1507,-12.087,-11.942,-5.4054
,1.551,-7.2052,-12.132,-11.979,-5.4577
,1.5355,-7.2607,-12.178,-12.015,-5.5065
,1.5192,-7.317,-12.226,-12.048,-5.5516
,1.5023,-7.374,-12.276,-12.08,-5.5925
,1.4848,-7.4316,-12.327,-12.111,-5.6293
,1.4668,-7.4896,-12.381,-12.141,-5.6616
,1.4485,-7.548,-12.438,-12.17,-5.6894
,1.4298,-7.6066,-12.497,-12.199,-5.7127
,1.411,-7.6655,-12.558,-12.227,-5.7311
,1.392,-7.7245,-12.623,-12.255,-5.7448
,1.373,-7.7834,-12.691,-12.283,-5.7534
,1.3541,-7.8423,-12.761,-12.311,-5.757
,1.3353,-7.901,-12.836,-12.34,-5.7554
,1.3165,-7.9596,-12.913,-12.37,-5.7488
,1.2978,-8.0181,-12.993,-12.4,-5.7373
,1.2791,-8.0765,-13.076,-12.431,-5.7211
,1.2603,-8.1349,-13.163,-12.462,-5.7001
,1.2414,-8.1932,-13.252,-12.494,-5.6747
,1.2224,-8.2514,-13.343,-12.527,-5.6448
,1.2032,-8.3097,-13.438,-12.56,-5.6105
,1.1837,-8.3679,-13.534,-12.594,-5.5722
,1.1639,-8.4262,-13.633,-12.628,-5.5299
,1.1437,-8.4846,-13.734,-12.664,-5.484
,1.123,-8.5432,-13.837,-12.699,-5.4347
,1.1016,-8.602,-13.941,-12.735,-5.3824
,1.0795,-8.6611,-14.047,-12.771,-5.3273
,1.0566,-8.7205,-14.154,-12.808,-5.2698
,1.0327,-8.7803,-14.261,-12.844,-5.21
,1.0078,-8.8405,-14.369,-12.881,-5.1484
,0.98183,-8.9011,-14.477,-12.917,-5.0851
,0.9547,-8.9623,-14.586,-12.954,-5.0206
,0.9264,-9.0239,-14.695,-12.99,-4.9551
,0.89688,-9.086,-14.803,-13.026,-4.8891
,0.8661,-9.1485,-14.911,-13.062,-4.8227
,0.83402,-9.2115,-15.018,-13.097,-4.7564
,0.8006,-9.275,-15.124,-13.133,-4.6905
,0.7658,-9.339,-15.23,-13.168,-4.6253
,0.72961,-9.4034,-15.334,-13.202,-4.5611
,0.69207,-9.4682,-15.436,-13.236,-4.4982
,0.65325,-9.5333,-15.538,-13.27,-4.4367
,0.6132,-9.5987,-15.638,-13.304,-4.3771
,0.57199,-9.6643,-15.736,-13.337,-4.3194
,0.52968,-9.7299,-15.833,-13.37,-4.264
,0.48632,-9.7956,-15.928,-13.403,-4.2111
,0.44199,-9.8613,-16.021,-13.436,-4.161
,0.39673,-9.9269,-16.113,-13.469,-4.1138
,0.35064,-9.9922,-16.203,-13.501,-4.0697
,0.30384,-10.057,-16.29,-13.534,-4.0287
,0.25642,-10.122,-16.377,-13.567,-3.991
,0.20849,-10.186,-16.461,-13.6,-3.9565
,0.16015,-10.25,-16.543,-13.633,-3.9253
,0.11152,-10.313,-16.624,-13.666,-3.8976
,0.062699,-10.376,-16.703,-13.699,-3.8733
,0.013793,-10.437,-16.78,-13.732,-3.8525
,-0.035104,-10.498,-16.856,-13.766,-3.8352
,-0.083911,-10.558,-16.93,-13.8,-3.8213
,-0.13255,-10.617,-17.002,-13.834,-3.8105
,-0.18095,-10.675,-17.073,-13.868,-3.8027
,-0.22902,-10.732,-17.142,-13.902,-3.7978
,-0.27669,-10.788,-17.21,-13.936,-3.7956
,-0.32388,-10.843,-17.276,-13.97,-3.7959
,-0.37051,-10.897,-17.341,-14.004,-3.7986
,-0.41652,-10.949,-17.405,-14.038,-3.8036
,-0.46187,-11.001,-17.467,-14.071,-3.8104
,-0.50653,-11.051,-17.529,-14.104,-3.8189
,-0.5505,-11.1,-17.589,-14.137,-3.8288
,-0.59374,-11.148,-17.647,-14.169,-3.8398
,-0.63624,-11.196,-17.705,-14.2,-3.8516
,-0.67798,-11.242,-17.762,-14.23,-3.8639
,-0.71893,-11.287,-17.818,-14.259,-3.8765
,-0.75907,-11.331,-17.872,-14.287,-3.889
,-0.79841,-11.374,-17.926,-14.313,-3.9012
,-0.83696,-11.417,-17.979,-14.338,-3.9129
,-0.87474,-11.459,-18.031,-14.362,-3.9238
,-0.91178,-11.499,-18.082,-14.384,-3.9338
,-0.9481,-11.54,-18.132,-14.405,-3.9425
,-0.9837,-11.579,-18.182,-14.423,-3.9498
,-1.0186,-11.618,-18.231,-14.44,-3.9554
,-1.0529,-11.657,-18.279,-14.455,-3.9591
,-1.0865,-11.694,-18.326,-14.467,-3.9607
,-1.1195,-11.732,-18.373,-14.478,-3.9601
,-1.1519,-11.769,-18.419,-14.487,-3.9574
,-1.1837,-11.806,-18.464,-14.493,-3.9524
,-1.2151,-11.842,-18.509,-14.498,-3.9452
,-1.246,-11.878,-18.553,-14.5,-3.9356
,-1.2764,-11.914,-18.597,-14.501,-3.9237
,-1.3064,-11.95,-18.64,-14.499,-3.9094
,-1.336,-11.985,-18.683,-14.496,-3.8926
,-1.3653,-12.021,-18.725,-14.491,-3.8735
,-1.3942,-12.056,-18.767,-14.484,-3.8522
,-1.4229,-12.091,-18.809,-14.475,-3.8288
,-1.4513,-12.126,-18.85,-14.465,-3.8035
,-1.4794,-12.161,-18.891,-14.453,-3.7763
,-1.5073,-12.196,-18.932,-14.44,-3.7474
,-1.5351,-12.231,-18.972,-14.426,-3.717
,-1.5627,-12.266,-19.013,-14.41,-3.6851
,-1.5902,-12.301,-19.053,-14.394,-3.6519
,-1.6175,-12.336,-19.093,-14.377,-3.6176
,-1.6448,-12.371,-19.133,-14.359,-3.5823
,-1.6719,-12.406,-19.172,-14.34,-3.5462
,-1.6991,-12.441,-19.212,-14.321,-3.5095
,-1.7261,-12.475,-19.251,-14.302,-3.4722
,-1.7531,-12.51,-19.291,-14.282,-3.4347
,-1.7802,-12.545,-19.33,-14.262,-3.397
,-4.071,-13.987,-16.724,-10.885,-3.843
,-4.066,-13.993,-16.766,-10.895,-3.8103
,-4.061,-13.999,-16.807,-10.906,-3.7778
,-4.056,-14.004,-16.847,-10.917,-3.7453
,-4.0509,-14.009,-16.888,-10.928,-3.7129
,-4.0457,-14.014,-16.928,-10.94,-3.6806
,-4.0404,-14.018,-16.967,-10.951,-3.6485
,-4.0349,-14.021,-17.006,-10.963,-3.6166
,-4.0292,-14.023,-17.043,-10.975,-3.585
,-4.0234,-14.024,-17.08,-10.988,-3.5537
,-4.0173,-14.023,-17.116,-11.001,-3.5227
,-4.0109,-14.022,-17.15,-11.014,-3.492
,-4.0042,-14.018,-17.184,-11.028,-3.4619
,-3.9972,-14.014,-17.216,-11.042,-3.4322
,-3.9898,-14.007,-17.246,-11.057,-3.4032
,-3.982,-13.999,-17.274,-11.073,-3.3747
,-3.9738,-13.988,-17.301,-11.089,-3.347
,-3.9651,-13.976,-17.326,-11.106,-3.32
,-3.9558,-13.961,-17.349,-11.123,-3.2939
,-3.9461,-13.944,-17.37,-11.142,-3.2686
,-3.9357,-13.925,-17.389,-11.161,-3.2443
,-3.9248,-13.904,-17.406,-11.18,-3.2211
,-3.9132,-13.88,-17.421,-11.2,-3.199
,-3.9009,-13.854,-17.434,-11.221,-3.1781
,-3.888,-13.826,-17.445,-11.242,-3.1584
,-3.8743,-13.795,-17.454,-11.264,-3.1401
,-3.8599,-13.763,-17.461,-11.287,-3.1232
,-3.8447,-13.728,-17.466,-11.31,-3.1077
,-3.8288,-13.691,-17.469,-11.334,-3.0938
,-3.812,-13.652,-17.47,-11.358,-3.0814
,-3.7945,-13.611,-17.469,-11.382,-3.0707
,-3.7763,-13.568,-17.467,-11.407,-3.0616
,-3.7572,-13.524,-17.463,-11.431,-3.0543
,-3.7373,-13.479,-17.458,-11.456,-3.0488
,-3.7166,-13.432,-17.451,-11.481,-3.0451
,-3.6952,-13.384,-17.443,-11.506,-3.0433
,-3.6729,-13.335,-17.434,-11.531,-3.0433
,-3.65,-13.286,-17.424,-11.556,-3.0452
,-3.6263,-13.235,-17.413,-11.581,-3.0489
,-3.6021,-13.184,-17.401,-11.605,-3.0544
,-3.5771,-13.133,-17.389,-11.629,-3.0617
,-3.5517,-13.082,-17.376,-11.653,-3.0708
,-3.5256,-13.03,-17.363,-11.676,-3.0817
,-3.499,-12.979,-17.349,-11.699,-3.0944
,-3.472,-12.928,-17.335,-11.72,-3.1087
,-3.4447,-12.877,-17.321,-11.742,-3.1245
,-3.417,-12.827,-17.307,-11.762,-3.1418
,-3.3891,-12.777,-17.292,-11.782,-3.1604
,-3.361,-12.728,-17.277,-11.801,-3.1803
,-3.3329,-12.679,-17.262,-11.82,-3.2013
,-3.3047,-12.632,-17.247,-11.837,-3.2233
,-3.2766,-12.585,-17.232,-11.854,-3.2462
,-3.2485,-12.539,-17.217,-11.87,-3.2698
,-3.2207,-12.493,-17.202,-11.885,-3.2941
,-3.1931,-12.449,-17.186,-11.899,-3.3188
,-3.1657,-12.405,-17.17,-11.912,-3.3439
,-3.1386,-12.362,-17.153,-11.925,-3.3691
,-3.112,-12.319,-17.136,-11.937,-3.3943
,-3.0857,-12.277,-17.119,-11.948,-3.4193
,-3.0599,-12.236,-17.1,-11.958,-3.444
,-3.0346,-12.195,-17.081,-11.968,-3.4682
,-3.0098,-12.154,-17.06,-11.977,-3.492
,-2.9853,-12.113,-17.039,-11.985,-3.5151
,-2.9611,-12.073,-17.016,-11.993,-3.5375
,-2.9372,-12.033,-16.991,-12,-3.5591
,-2.9135,-11.992,-16.965,-12.006,-3.5799
,-2.8899,-11.951,-16.937,-12.012,-3.5997
,-2.8663,-11.91,-16.908,-12.018,-3.6185
,-2.8427,-11.868,-16.876,-12.023,-3.6362
,-2.819,-11.826,-16.841,-12.028,-3.6528
,-2.7948,-11.783,-16.805,-12.032,-3.6685
,-2.7699,-11.739,-16.765,-12.036,-3.6833
,-2.7441,-11.694,-16.723,-12.039,-3.6973
,-2.7172,-11.648,-16.679,-12.042,-3.7106
,-2.6889,-11.6,-16.631,-12.044,-3.7233
,-2.6591,-11.551,-16.581,-12.046,-3.7354
,-2.6274,-11.501,-16.527,-12.048,-3.747
,-2.5937,-11.449,-16.47,-12.049,-3.7583
,-2.5576,-11.396,-16.41,-12.049,-3.7695
,-2.5188,-11.341,-16.346,-12.049,-3.7806
,-2.4771,-11.284,-16.279,-12.049,-3.792
,-2.4321,-11.225,-16.209,-12.048,-3.8038
,-2.3836,-11.164,-16.135,-12.046,-3.8162
,-2.3313,-11.102,-16.058,-12.044,-3.8293
,-2.2749,-11.038,-15.978,-12.041,-3.8434
,-2.2141,-10.971,-15.895,-12.037,-3.8586
,-2.1487,-10.903,-15.808,-12.032,-3.875
,-2.0787,-10.832,-15.718,-12.027,-3.8927
,-2.004,-10.76,-15.625,-12.02,-3.9117
,-1.9244,-10.685,-15.529,-12.013,-3.9323
,-1.8398,-10.609,-15.431,-12.005,-3.9544
,-1.75,-10.531,-15.33,-11.995,-3.9781
,-1.655,-10.451,-15.227,-11.985,-4.0036
,-1.5547,-10.369,-15.122,-11.974,-4.0309
,-1.4491,-10.285,-15.014,-11.961,-4.0599
,-1.3385,-10.199,-14.905,-11.948,-4.0906
,-1.2231,-10.112,-14.795,-11.933,-4.1226
,-1.1031,-10.024,-14.683,-11.917,-4.1559
,-0.9788,-9.9337,-14.57,-11.9,-4.1904
,-0.85034,-9.8425,-14.457,-11.881,-4.2258
,-0.71799,-9.7499,-14.343,-11.862,-4.2621
,-0.58197,-9.6563,-14.23,-11.841,-4.2989
,-0.44258,-9.5616,-14.116,-11.819,-4.3363
,-0.30029,-9.4661,-14.004,-11.796,-4.3738
,-0.15557,-9.3698,-13.892,-11.771,-4.4112
,-0.0088954,-9.2729,-13.781,-11.746,-4.4481
,0.13925,-9.1755,-13.672,-11.719,-4.4843
,0.2884,-9.0779,-13.564,-11.692,-4.5194
,0.43807,-8.98,-13.459,-11.663,-4.5532
,0.58778,-8.8822,-13.356,-11.633,-4.5854
,0.73707,-8.7844,-13.255,-11.602,-4.6156
,0.88549,-8.6868,-13.157,-11.571,-4.6437
,1.0326,-8.5897,-13.063,-11.538,-4.6695
,1.178,-8.4931,-12.971,-11.505,-4.6927
,1.3212,-8.3972,-12.883,-11.471,-4.7132
,1.4618,-8.3021,-12.798,-11.437,-4.7309
,1.5994,-8.208,-12.717,-11.402,-4.7455
,1.7334,-8.115,-12.639,-11.366,-4.7569
,1.8636,-8.0233,-12.566,-11.33,-4.7648
,1.9896,-7.933,-12.496,-11.294,-4.7693
,2.1113,-7.8443,-12.43,-11.257,-4.7704
,2.2284,-7.7571,-12.367,-11.22,-4.7683
,2.3409,-7.6717,-12.308,-11.183,-4.763
,2.4485,-7.5881,-12.253,-11.146,-4.7548
,2.5513,-7.5066,-12.2,-11.108,-4.7436
,2.6489,-7.4271,-12.151,-11.071,-4.7297
,2.7413,-7.3498,-12.105,-11.034,-4.7132
,2.8283,-7.2748,-12.062,-10.997,-4.6941
,2.9101,-7.2022,-12.021,-10.961,-4.6729
,2.9868,-7.1319,-11.983,-10.924,-4.6497
,3.0585,-7.0642,-11.947,-10.888,-4.6249
,3.1254,-6.999,-11.912,-10.852,-4.5989
,3.1875,-6.9363,-11.879,-10.816,-4.5719
,3.245,-6.8763,-11.847,-10.78,-4.5442
,3.298,-6.8189,-11.816,-10.745,-4.5162
,3.3466,-6.7643,-11.786,-10.71,-4.4881
,3.3911,-6.7124,-11.756,-10.675,-4.4602
,3.4317,-6.6633,-11.725,-10.64,-4.4327
,3.4685,-6.6168,-11.695,-10.605,-4.4059
,3.502,-6.5729,-11.664,-10.57,-4.38
,3.5321,-6.5317,-11.632,-10.536,-4.3551
,3.5593,-6.4931,-11.599,-10.5,-4.3317
,3.5837,-6.4571,-11.564,-10.465,-4.3098
,3.6055,-6.4236,-11.528,-10.429,-4.2897
,3.625,-6.3926,-11.49,-10.392,-4.2715
,3.6424,-6.3641,-11.45,-10.355,-4.2553
,3.6577,-6.3378,-11.407,-10.317,-4.241
,3.6713,-6.3136,-11.363,-10.278,-4.2285
,3.6833,-6.2916,-11.316,-10.237,-4.2179
,3.6938,-6.2714,-11.266,-10.196,-4.2091
,3.7031,-6.2532,-11.214,-10.152,-4.2021
,3.7113,-6.2366,-11.16,-10.107,-4.1969
,3.7185,-6.2217,-11.102,-10.06,-4.1934
,3.725,-6.2082,-11.042,-10.011,-4.1914
,3.7307,-6.196,-10.979,-9.9602,-4.1909
,3.7359,-6.1849,-10.913,-9.9068,-4.1916
,3.7405,-6.1747,-10.845,-9.8511,-4.1933
,3.7447,-6.1653,-10.774,-9.7929,-4.1959
,3.7486,-6.1565,-10.701,-9.7322,-4.1991
,3.7522,-6.1481,-10.625,-9.6689,-4.2029
,3.7557,-6.1399,-10.547,-9.6027,-4.2069
,3.7592,-6.1318,-10.466,-9.5338,-4.2112
,3.7626,-6.1235,-10.384,-9.4623,-4.2154
,3.7661,-6.1149,-10.299,-9.3881,-4.2196
,3.7697,-6.1058,-10.213,-9.3115,-4.2236
,3.7734,-6.096,-10.124,-9.2326,-4.2273
,3.7774,-6.0852,-10.035,-9.1514,-4.2306
,3.7816,-6.0733,-9.9436,-9.0681,-4.2333
,3.7862,-6.0602,-9.8512,-8.9828,-4.2354
,3.7911,-6.0455,-9.7577,-8.8956,-4.2367
,3.7965,-6.0292,-9.6631,-8.8068,-4.2374
,3.8023,-6.011,-9.5678,-8.7167,-4.2373
,3.8087,-5.9909,-9.4717,-8.6257,-4.2367
,3.8157,-5.9687,-9.3751,-8.5341,-4.2356
,3.8234,-5.9441,-9.2781,-8.4422,-4.234
,3.8317,-5.9171,-9.1809,-8.3503,-4.232
,3.8409,-5.8875,-9.0835,-8.2588,-4.2297
,3.8509,-5.8552,-8.9861,-8.168,-4.227
,3.8618,-5.8199,-8.8889,-8.0781,-4.2242
,3.8736,-5.7818,-8.7918,-7.9895,-4.2213
,3.8865,-5.7407,-8.6951,-7.9025,-4.2185
,3.9004,-5.6966,-8.5988,-7.8175,-4.2158
,3.9154,-5.6494,-8.5029,-7.7346,-4.2135
,3.9316,-5.5991,-8.4076,-7.6543,-4.2117
,3.9491,-5.5456,-8.313,-7.5769,-4.2104
,3.9679,-5.4889,-8.2191,-7.5026,-4.2099
,3.988,-5.4289,-8.126,-7.4316,-4.2101
,4.0095,-5.3658,-8.0337,-7.3641,-4.2112
,4.0324,-5.2996,-7.9422,-7.3,-4.2131
,4.0567,-5.2304,-7.8516,-7.2394,-4.2159
,4.0826,-5.1584,-7.7618,-7.1823,-4.2196
,4.1099,-5.0835,-7.6729,-7.1288,-4.2243
,4.1388,-5.006,-7.5849,-7.0788,-4.2299
,4.1692,-4.9259,-7.4978,-7.0326,-4.2365
,4.2013,-4.8432,-7.4116,-6.9899,-4.2441
,4.2349,-4.7583,-7.3262,-6.9507,-4.2525
,4.2701,-4.6712,-7.2417,-6.9146,-4.2617
,4.3068,-4.5821,-7.158,-6.8814,-4.2715
,4.345,-4.4914,-7.0752,-6.8508,-4.2817
,4.3846,-4.3991,-6.9931,-6.8224,-4.2922
,4.4257,-4.3054,-6.9117,-6.7961,-4.3029
,4.4683,-4.2106,-6.8311,-6.7715,-4.3136
,4.5122,-4.1149,-6.7511,-6.7484,-4.3242
,4.5574,-4.0184,-6.6719,-6.7263,-4.3344
,4.6039,-3.9212,-6.5933,-6.7051,-4.3442
,4.6514,-3.8237,-6.5154,-6.6842,-4.3532
,4.7,-3.7258,-6.4382,-6.6634,-4.3612
,4.7495,-3.6278,-6.3617,-6.6422,-4.3681
,4.7999,-3.5299,-6.2859,-6.6203,-4.3737
,4.8509,-3.4322,-6.2107,-6.5974,-4.3776
,4.9025,-3.3349,-6.1363,-6.573,-4.3798
,4.9546,-3.2381,-6.0626,-6.5468,-4.38
,5.0071,-3.1418,-5.9897,-6.5187,-4.3781
,5.0597,-3.0461,-5.9176,-6.4885,-4.3739
,5.1123,-2.9509,-5.8465,-6.4559,-4.3674
,5.1647,-2.8563,-5.7763,-6.4209,-4.3584
,5.2168,-2.7623,-5.7072,-6.3833,-4.3468
,5.2684,-2.6689,-5.6392,-6.3428,-4.3325
,5.3192,-2.5761,-5.5724,-6.2994,-4.3153
,5.3692,-2.4839,-5.5068,-6.2528,-4.2951
,5.4182,-2.3923,-5.4426,-6.2032,-4.272
,5.466,-2.301,-5.3797,-6.1505,-4.2459
,5.5124,-2.2101,-5.3183,-6.095,-4.217
,5.5572,-2.1192,-5.2583,-6.0367,-4.1853
,5.6003,-2.0284,-5.1998,-5.9758,-4.1508
,5.6414,-1.9375,-5.1428,-5.9124,-4.1137
,5.6804,-1.8464,-5.0875,-5.8466,-4.0739
,5.7172,-1.7548,-5.0338,-5.7786,-4.0315
,5.7516,-1.6628,-4.9818,-5.7085,-3.9866
,5.7834,-1.5702,-4.9312,-5.6367,-3.9395
,5.8126,-1.4768,-4.8821,-5.5633,-3.8904
,5.8391,-1.3825,-4.8342,-5.4888,-3.8395
,5.8628,-1.2872,-4.7874,-5.4134,-3.787
,5.8836,-1.1908,-4.7416,-5.3374,-3.7332
,5.9014,-1.0931,-4.6967,-5.2611,-3.6782
,5.9161,-0.99399,-4.6524,-5.1849,-3.6224
,5.9277,-0.89336,-4.6087,-5.1089,-3.566
,5.9362,-0.79121,-4.5652,-5.0336,-3.5092
,5.9416,-0.68752,-4.5215,-4.9592,-3.4524
,5.944,-0.58231,-4.4773,-4.886,-3.396
,5.9435,-0.47557,-4.4321,-4.8142,-3.3402
,5.9402,-0.36732,-4.3856,-4.7443,-3.2853
,5.934,-0.25754,-4.3373,-4.6764,-3.2318
,5.9252,-0.14626,-4.2869,-4.6109,-3.1798
,5.9136,-0.033481,-4.234,-4.5481,-3.1298
,5.8995,0.080726,-4.1782,-4.4881,-3.0821
,5.8831,0.19622,-4.119,-4.4312,-3.0368
,5.8646,0.31284,-4.056,-4.3775,-2.9944
,5.8441,0.43046,-3.9888,-4.3272,-2.955
,5.8218,0.54893,-3.9169,-4.2804,-2.919
,5.798,0.66811,-3.84,-4.2372,-2.8865
